301-19-4308,176-541-1192
628-53-4933,309-718-6874
566-22-5682,121-237-9450
552-03-9876,421-474-8734
037-05-9263,342-887-7801
626-81-9796,971-247-2791
337-06-6524,510-874-5062
049-25-7434,896-288-3817
709-98-7101,445-618-1766
754-60-4165,278-923-0282
022-43-3364,950-789-5905
005-31-3296,393-452-1203
813-82-2254,711-440-4710
172-98-2025,529-992-0791
292-33-4949,815-189-5801
035-89-2804,556-174-3805
075-86-3379,838-422-4240
355-61-0502,605-188-9972
012-12-0826,803-505-2155
517-90-6718,864-784-3561
566-95-2605,462-176-4941
373-19-3856,929-903-0103
547-21-1535,246-804-3744
036-81-4405,431-730-7078
151-07-0841,136-327-8567
357-28-7927,302-393-2575
511-35-4763,631-461-1789
739-17-3846,986-141-4566
879-41-6983,412-131-2228
274-52-2026,104-106-2533
983-46-8942,386-423-6605
728-95-1844,942-489-1292
031-49-9644,635-854-1499
788-07-4719,717-116-5937
953-80-9891,509-506-7873
875-35-8502,627-628-9540
412-45-5207,606-403-9094
821-12-4608,957-774-2538
029-56-8982,566-886-5093
616-27-9220,439-580-6343
062-71-6194,907-112-5771
729-65-4980,612-404-3377
473-69-5354,912-231-7223
189-11-8953,533-205-3792
601-74-4231,891-798-1253
251-32-1829,272-728-8782
098-22-9651,112-666-7296
151-97-0021,184-151-6074
069-26-1614,634-671-3525
159-89-8366,204-247-1342
373-62-8738,692-532-1534
406-00-1975,211-178-6974
062-77-5023,871-824-1137
033-12-2633,436-233-1113
408-11-0492,623-964-2225
618-01-1686,365-422-3350
218-77-3231,500-735-9839
225-58-5139,844-687-6743
609-98-5217,871-830-5303
313-51-0228,325-102-6560
476-02-6299,865-579-4753
566-89-8681,302-187-0158
156-45-5025,278-438-3691
418-15-4165,322-226-4232
751-34-7958,690-234-4629
189-36-2636,466-306-1181
128-85-0024,272-115-1241
251-39-5593,737-202-1286
231-90-4670,654-685-6317
475-31-8922,693-934-8366
997-32-0880,899-225-3221
379-48-1680,404-131-4308
205-43-3965,739-117-9554
046-92-0485,361-649-3548
030-95-6878,420-626-5161
901-06-1133,280-498-2770
766-59-8200,796-818-8983
700-37-7580,897-407-8300
259-86-1764,455-872-4379
482-82-6146,560-967-5296
154-13-5719,758-315-2577
324-68-8840,240-434-4352
949-07-4154,747-574-1255
319-56-5968,629-784-1440
622-83-8495,923-878-0791
793-01-9328,258-747-9541
139-00-1369,794-205-4726
307-36-6298,139-213-3198
682-81-9485,821-500-4559
806-35-2585,822-411-9497
736-84-2531,410-323-9870
268-41-5086,985-886-3193
992-41-6402,324-120-8708
116-59-7602,869-202-0223
274-92-1288,853-598-0233
974-25-8944,775-223-9759
012-59-0829,197-545-2425
351-66-5475,431-566-5701
911-90-8935,381-639-6096
259-49-7575,640-234-4882
823-15-5830,807-528-1377
623-96-2324,793-123-4677
635-57-5843,974-251-5814
523-53-8571,416-596-9035
354-49-8443,369-954-9204
419-58-5808,668-901-0278
301-92-3987,370-858-8844
429-28-3808,133-285-5829
844-03-2684,204-791-6015
327-78-9103,922-172-1734
656-63-8386,975-644-9823
485-80-7989,729-306-6835
483-51-2446,370-902-5583
891-39-1921,693-347-4599
228-43-8644,236-226-6311
606-14-3075,250-992-1948
222-10-4038,433-373-7033
639-51-6666,588-355-3315
134-03-0450,920-844-3357
727-73-9065,844-497-2591
172-39-4797,619-835-5483
396-20-7763,285-934-9358
736-22-1563,420-513-0423
391-44-8727,743-828-4526
460-29-0569,187-350-6175
459-78-2257,238-604-1777
393-57-2322,526-918-6218
559-99-8071,280-990-5711
820-76-6973,668-112-3789
333-97-4421,561-689-5044
687-72-3573,123-691-1758
887-61-2479,760-203-7029
242-77-5651,462-508-0073
887-03-7345,248-763-8479
608-81-8497,343-743-4174
340-76-7720,264-558-2813
481-71-6585,664-508-3451
468-56-0606,571-179-5094
511-58-8669,715-611-7200
565-47-2296,389-673-0190
308-88-8566,331-803-2808
180-23-5340,345-358-8208
477-62-1908,852-596-8361
249-34-1440,420-167-9732
224-01-6544,485-999-8540
571-14-3374,766-555-3262
367-03-3308,471-689-6364
490-05-4592,776-533-6046
387-54-3978,339-295-7593
268-95-6068,774-529-2038
198-91-2370,103-328-2062
112-84-9098,388-250-9052
624-51-8838,707-605-1855
231-26-3163,512-521-0973
118-91-2995,502-893-9052
155-21-7758,982-222-2265
854-77-7229,780-172-9823
754-76-9583,253-683-0681
195-79-3223,881-878-8289
881-36-7084,139-436-9710
495-69-3004,753-814-7698
707-56-2458,645-243-4733
473-57-2608,377-553-2125
566-63-5203,371-935-6029
505-72-6559,615-995-5320
106-09-3531,637-354-7336
633-93-4136,982-842-3672
752-59-5833,858-152-3334
411-34-4670,638-716-3947
859-92-5361,652-302-7887
885-76-4703,962-851-4855
458-96-6201,629-664-8435
614-30-9159,316-612-0272
459-40-4921,944-341-1044
579-58-7853,269-406-6936
368-24-7668,887-118-4902
569-18-6968,307-136-8232
886-27-3033,559-231-7613
670-96-7546,672-765-2255
171-90-3255,670-405-8550
224-92-3812,479-208-5778
858-77-7657,954-522-2234
720-77-8444,822-981-3397
228-73-2645,174-955-2987
206-04-9681,615-260-9156
759-86-3780,704-157-1352
386-89-1807,445-481-1580
514-35-7227,815-823-8422
182-55-6559,590-987-9225
405-86-0080,884-202-1702
638-74-5678,644-215-6461
494-34-4894,389-821-7953
345-79-5504,167-657-5992
589-99-4836,120-510-3891
670-82-6728,786-432-4870
517-67-6700,786-628-1213
779-97-6508,931-405-9932
430-51-6008,295-448-6878
437-83-6063,923-662-1916
405-22-7125,760-632-8193
657-03-1581,471-887-7415
712-15-5692,837-833-2169
170-02-5496,397-638-0631
410-87-2692,118-573-6322
621-95-7978,852-164-4638
552-36-5156,924-757-9335
703-13-6403,364-943-7765
628-63-3121,877-739-9858
794-25-1469,339-172-7657
555-18-8398,911-837-7379
242-22-1022,714-794-2907
581-53-4831,310-357-8474
809-08-2885,619-184-6864
252-14-9117,143-849-6032
136-60-5021,216-920-6809
479-72-8354,412-938-4515
164-35-0184,888-628-8602
501-03-1438,874-611-7210
268-75-4556,837-275-2687
742-73-8196,648-922-6713
460-18-0002,799-195-6174
179-89-6561,823-709-9195
128-58-0087,891-280-8237
413-94-3772,828-308-1018
800-53-4228,544-923-8743
324-47-5399,604-654-8313
868-56-7632,345-779-2503
334-91-5071,155-221-8738
543-21-4733,730-831-6192
549-91-1875,441-586-3460
102-48-8381,602-317-7337
281-39-4432,247-771-1073
288-30-3586,891-805-9321
558-59-6801,305-250-8096
798-60-2149,681-110-4823
543-32-1408,804-327-6521
497-37-0133,553-625-2391
207-06-5127,313-940-6096
354-33-3240,340-783-5425
829-25-5282,848-788-4933
277-07-3154,676-391-4575
734-89-7336,673-292-6886
142-29-7582,660-718-2007
494-45-4052,159-318-2053
310-70-2131,157-946-0023
619-64-3673,158-807-4905
233-97-7549,573-276-1224
320-71-0068,337-669-7681
118-47-8055,963-473-4307
654-62-2130,634-452-6515
390-74-1397,243-130-6504
384-91-5583,358-989-6486
508-39-7767,647-604-2862
398-95-9881,815-698-4780
163-03-7960,629-279-6413
580-61-0084,494-373-5157
109-15-4270,436-487-9590
879-49-6060,481-376-4195
166-94-3782,907-477-2587
554-84-1128,206-593-8352
393-06-9621,178-106-0097
773-30-6751,863-754-8684
748-92-8800,620-582-6133
392-39-1218,413-371-6808
326-86-1748,582-490-0114
847-45-9028,948-758-6861
243-78-0200,333-883-9719
796-34-9073,492-562-7423
814-76-6695,949-563-7932
631-57-2428,701-792-4746
206-74-8722,279-116-8232
715-01-3089,222-830-3284
755-27-4276,831-798-1491
218-08-3213,833-991-6687
263-85-4815,433-824-3660
637-73-4996,905-809-0697
829-33-0991,449-796-4843
783-93-1075,469-909-0166
403-75-4700,187-684-9110
140-56-8527,894-368-1900
614-43-3752,758-110-5392
618-86-4375,253-340-5667
877-08-6560,513-764-1797
408-24-3398,368-360-6226
737-11-3843,331-815-8904
319-81-0526,725-193-4411
750-13-5184,884-688-6007
591-14-7829,990-512-6526
667-21-1994,482-645-8817
458-35-9023,232-435-9346
114-49-6592,804-327-5666
714-13-2078,408-824-9831
570-78-9917,615-973-8638
322-64-0091,722-742-3771
519-41-3910,549-192-9792
622-21-3731,734-508-6314
351-45-9030,329-424-9974
483-26-6707,774-787-2335
103-38-2396,743-149-0361
650-58-8493,571-806-4051
335-74-9217,710-461-7288
321-54-5168,167-480-0928
346-13-4942,567-964-5841
758-16-4878,754-446-3116
830-53-0233,528-272-7853
379-30-7696,796-807-4237
895-45-0672,451-719-1512
846-62-3148,703-747-9241
258-98-2872,504-665-2303
570-76-3413,869-802-3590
768-37-1701,561-202-9455
386-13-4843,209-841-5467
579-76-9670,897-767-8433
307-51-2070,579-430-4979
375-75-1142,330-950-3568
526-22-3298,227-153-0461
260-40-3969,706-888-5400
848-72-3483,190-272-5788
421-63-9692,895-808-2004
484-36-6531,661-504-1475
584-75-7464,165-906-7265
755-95-2477,390-296-0100
368-16-7143,596-342-5456
739-14-5744,774-877-6441
627-05-9787,449-403-0874
266-74-7865,451-685-0666
574-13-6017,701-603-2615
442-23-8816,689-715-7258
755-47-5350,646-545-3275
633-49-8980,482-875-8843
159-41-7365,848-518-0039
824-17-4760,327-564-6431
810-99-5972,151-997-1824
646-81-7779,785-690-9291
553-16-9424,867-378-1226
885-80-8593,177-203-5049
554-59-7453,952-121-0949
615-07-6079,669-965-5234
639-04-6337,422-124-9329
713-79-3790,497-611-4099
310-49-4827,503-784-7434
146-53-0709,517-341-6355
172-09-2436,889-252-3027
603-94-2910,538-484-1743
537-57-5210,402-432-2271
834-41-7706,874-717-7394
865-23-2481,781-507-3569
397-75-3505,920-261-4374
239-12-0252,523-178-4011
880-06-6115,670-288-4952
397-73-3832,587-371-5213
370-68-0411,286-829-6673
796-22-1064,583-565-1214
798-08-7406,818-909-3028
471-09-2797,318-666-5785
169-40-0926,951-919-1728
578-43-4160,601-614-1372
321-35-6055,498-317-6142
829-72-5694,141-345-2935
278-67-7613,259-153-0020
246-89-0488,928-935-1825
736-49-0328,948-788-5826
542-04-1672,954-831-3884
722-85-1708,697-911-1057
349-54-2635,971-288-7153
318-24-3695,616-532-9007
360-56-2694,140-214-2071
761-38-4416,146-481-6278
297-42-1298,703-280-9394
214-94-4384,326-270-2846
537-29-6393,224-252-4653
228-79-9267,961-582-0913
460-40-4617,290-212-0126
300-86-1489,953-990-3393
700-77-1940,598-182-0790
481-24-4490,809-974-2216
618-71-7834,920-261-4149
549-90-3394,698-317-4721
332-75-7595,493-547-4325
140-17-0734,196-126-8219
605-09-7317,950-895-1733
153-83-0915,295-386-9459
187-37-4428,167-737-8085
874-15-8656,959-928-7103
410-05-5200,619-402-1484
370-57-2932,445-975-4677
536-19-8780,287-969-1075
898-42-8085,542-503-7638
593-86-4289,289-414-8259
740-53-5691,547-916-9266
742-34-3325,536-601-6106
367-41-8423,474-673-9883
154-76-8618,505-531-8645
709-08-2186,452-363-5270
646-41-1966,832-299-8432
492-41-7882,615-864-2952
780-84-0660,340-514-0561
420-21-3665,548-890-8676
253-41-9632,562-911-9472
873-53-2579,469-637-5751
552-99-0501,128-420-4020
609-89-5427,233-646-8355
591-80-5090,119-260-0686
533-63-7457,929-835-3859
512-74-9570,998-498-9413
251-62-4861,892-178-9856
893-37-4359,657-627-1582
860-10-6300,296-572-6961
778-71-3773,192-992-5720
492-26-7428,544-889-1682
543-19-3216,521-421-2937
487-29-7079,226-296-8675
275-20-7248,925-807-4222
269-95-3191,834-224-9682
640-14-1692,582-570-5075
415-10-4457,757-925-3935
602-26-2159,657-843-6275
520-61-5833,477-353-7464
566-94-7287,205-128-0391
693-27-2246,556-361-4353
654-72-1660,107-299-2689
305-45-7445,611-213-5108
427-88-9426,446-546-3016
162-73-9236,457-365-9310
127-92-5270,257-644-9615
597-62-1822,761-982-4583
719-91-2535,652-354-0906
233-80-2239,295-592-9179
563-01-0496,285-761-1272
400-44-0162,876-796-4814
441-17-8530,982-359-9956
723-57-5012,381-838-5693
302-95-7380,294-773-6350
483-88-8213,122-119-7989
154-37-6663,355-611-1747
319-89-3182,175-172-3862
337-27-1744,314-217-9170
657-52-9689,848-585-7385
506-79-3989,990-847-7475
728-48-6359,347-957-6378
758-37-6803,690-532-1364
765-08-4960,193-680-1357
816-39-0128,220-692-9619
724-99-9580,728-316-3664
804-92-9014,556-341-7048
806-35-4261,825-539-9742
627-37-2065,735-823-1878
661-29-4681,801-418-1460
702-24-3178,256-900-5973
871-93-9627,754-482-1478
266-82-4218,204-709-3495
832-13-6211,332-165-5086
177-68-0159,479-204-0777
674-17-8825,713-847-0844
898-89-0714,687-507-5410
887-52-8491,466-359-8847
312-75-6953,505-694-2168
369-56-2763,918-795-3557
618-64-4425,960-726-6116
149-30-9510,302-237-2190
422-93-2541,767-375-5576
343-94-2113,150-624-8520
632-38-5429,709-188-6896
503-95-8752,140-548-2115
637-02-9061,519-426-1270
364-16-4902,736-108-4533
462-22-2149,501-567-7204
287-51-8424,892-568-6017
540-39-4115,692-753-3335
809-58-0326,397-846-4124
491-68-5518,152-476-6635
140-15-6467,484-951-5538
708-85-2564,770-432-3297
192-24-5256,212-938-0753
747-70-8285,844-459-7396
258-77-8094,281-895-2383
719-46-7923,972-152-7500
878-53-3957,601-255-6582
351-24-7436,666-491-8510
333-54-8992,868-247-1022
381-44-1410,119-220-9310
533-02-2573,537-555-9844
498-11-5079,132-813-3703
446-02-9671,559-146-2837
825-55-5439,873-459-3195
161-93-2420,527-365-7130
502-38-1355,306-814-1095
495-59-1696,632-492-2217
407-61-4305,346-204-9656
197-11-6175,620-365-6274
568-20-6137,895-416-3071
436-61-2686,707-736-3457
523-15-4040,777-632-7851
603-84-2502,672-137-5658
633-21-0926,164-532-6478
769-46-2965,193-857-9888
600-32-0084,419-412-0732
578-74-3184,548-704-6776
841-80-6650,735-732-7935
887-68-5489,402-759-9277
