cce8en4,005-31-3296,i7itf,1472342400000,26210,,,,,,,,
ftj3i23,012-12-0826,mzuus,1208131200000,47920,,,,,,,,
z71v1qd,012-59-0829,7f02m,220233600000,21271,,,,,,,,
h2z7222,022-43-3364,8vh6l,1468800000000,18771,,,,,,,,
9yzfvnn,029-56-8982,f7xcb,1182384000000,30701,,,,,,,,
k7o44m9,030-95-6878,v4wxq,1124323200000,70452,,,,,,,,
zxorimm,031-49-9644,8vh6l,832636800000,14964,,,,,,,,
0y6nyd2,033-12-2633,mzuus,984182400000,47981,,,,,,,,
e00471v,035-89-2804,i7itf,1389398400000,44936,,,,,,,,
a6kxblw,036-81-4405,3h3fg,1234224000000,72581,,,,,,,,
kgy8hj0,037-05-9263,8vh6l,931996800000,24460,,,,,,,,
ygysqt9,046-92-0485,covup,1441584000000,47509,,,,,,,,
q0tcn44,049-25-7434,jctgn,1158019200000,24114,,,,,,,,
e2u01zh,062-71-6194,covup,1016496000000,33530,,,,,,,,
k57dvaz,062-77-5023,6ss5k,853891200000,45081,,,,,,,,
geful9d,069-26-1614,cwgao,1439856000000,53347,,,,,,,,
dqzzlmb,075-86-3379,v4wxq,1129248000000,35041,,,,,,,,
2a97ehx,098-22-9651,f7xcb,1009065600000,63338,,,,,,,,
cobvzq0,102-48-8381,covup,1292544000000,30472,,,,,,,,
75cntts,103-38-2396,mzuus,1194825600000,39669,,,,,,,,
rbkndzp,106-09-3531,rdib1,1101513600000,28895,,,,,,,,
m05wpud,109-15-4270,ndf6l,1137369600000,81601,,,,,,,,
r2bm9d7,112-84-9098,box9n,975456000000,22918,,,,,,,,
033x2q8,114-49-6592,u7gnz,1061078400000,9910,,,,,,,,
84cr5fn,116-59-7602,u7gnz,1205971200000,18620,,,,,,,,
ymxumq4,118-47-8055,jctgn,1431388800000,18278,,,,,,,,
wf5xjwa,118-91-2995,kcvto,1242518400000,34576,,,,,,,,
68rbs8d,127-92-5270,3h3fg,945043200000,12526,,,,,,,,
izkvhh1,128-58-0087,lz8eo,1414454400000,74156,,,,,,,,
fchkazv,128-85-0024,6ss5k,864432000000,43914,,,,,,,,
vg5ygwy,134-03-0450,lz8eo,1430697600000,19335,,,,,,,,
gdkuzdr,136-60-5021,8vh6l,799977600000,13173,,,,,,,,
jjhlu38,139-00-1369,lz8eo,1178064000000,24314,,,,,,,,
n84dwru,140-15-6467,ndf6l,1202601600000,71157,,,,,,,,
xt5fctg,140-17-0734,8vh6l,612921600000,84338,,,,,,,,
kq38xqs,140-56-8527,mzuus,949536000000,57425,,,,,,,,
4rq12pp,142-29-7582,f7xcb,508204800000,25499,,,,,,,,
i4pfjrd,146-53-0709,k30hz,1446854400000,38217,,,,,,,,
w281wof,149-30-9510,rdib1,1148169600000,51954,,,,,,,,
6aukwp3,151-07-0841,6ss5k,1375488000000,72816,,,,,,,,
qhqh78d,151-97-0021,v4wxq,1018742400000,18150,,,,,,,,
8hqq3pv,153-83-0915,kcvto,1514851200000,28380,,,,,,,,
udnbsji,154-13-5719,wak24,1063411200000,26901,,,,,,,,
tgbi11h,154-37-6663,i7itf,1255046400000,21705,,,,,,,,
f3nu5af,154-76-8618,i7itf,1120867200000,89914,,,,,,,,
awhi70x,155-21-7758,6ss5k,1040342400000,59754,,,,,,,,
qck0gwr,156-45-5025,i7itf,1168560000000,23892,,,,,,,,
h7wpriy,159-41-7365,k30hz,745027200000,55303,,,,,,,,
ctxs0vr,159-89-8366,box9n,1302998400000,10980,,,,,,,,
mp6z3py,161-93-2420,k30hz,1134518400000,53730,,,,,,,,
k46d5ep,162-73-9236,k30hz,1126051200000,38034,,,,,,,,
l3qpu1q,163-03-7960,7f02m,1497744000000,22719,,,,,,,,
lqv8thj,164-35-0184,u7gnz,1319241600000,29994,,,,,,,,
cd2rl9g,166-94-3782,3h3fg,1400976000000,24293,,,,,,,,
y5hzvgt,169-40-0926,mzuus,1109376000000,63057,,,,,,,,
vho93p1,170-02-5496,covup,680313600000,65232,,,,,,,,
43tatsj,171-90-3255,7f02m,1153353600000,46772,,,,,,,,
rrojbck,172-09-2436,6ss5k,1231027200000,15958,,,,,,,,
p10wacl,172-39-4797,box9n,1221696000000,51408,,,,,,,,
ngxszyf,172-98-2025,jctgn,1504742400000,17075,,,,,,,,
8b67rv9,177-68-0159,crcg6,1339545600000,15643,,,,,,,,
h5r4seu,179-89-6561,u7gnz,1468368000000,86090,,,,,,,,
h587dm1,180-23-5340,ndf6l,1256515200000,24660,,,,,,,,
cias0yj,182-55-6559,rdib1,1516406400000,51997,,,,,,,,
iu6lqz3,187-37-4428,k30hz,911433600000,6743,,,,,,,,
hwh2ac0,189-11-8953,mzuus,1453161600000,31380,,,,,,,,
x6far7j,189-36-2636,jctgn,1369699200000,48102,,,,,,,,
tw4cgl0,192-24-5256,v4wxq,1497052800000,14942,,,,,,,,
kpuzxnf,195-79-3223,k30hz,860112000000,52599,,,,,,,,
maur1y8,197-11-6175,crcg6,1369440000000,42257,,,,,,,,
mg6sugr,198-91-2370,3h3fg,1507334400000,39669,,,,,,,,
j8znx1x,205-43-3965,f7xcb,1432166400000,30914,,,,,,,,
7ddtxe0,206-04-9681,lz8eo,1595203200000,35864,,,,,,,,
rmnlwz2,206-74-8722,covup,-131068800000,43743,,,,,,,,
sw5b655,207-06-5127,v4wxq,1422316800000,50602,,,,,,,,
7wepus7,214-94-4384,kcvto,680227200000,19762,,,,,,,,
ru634zf,218-08-3213,u7gnz,1316995200000,45574,,,,,,,,
m2qajpu,218-77-3231,cwgao,1206576000000,30305,,,,,,,,
4zund3a,222-10-4038,u7gnz,737942400000,40842,,,,,,,,
jp1al6l,224-01-6544,i7itf,1166140800000,78062,,,,,,,,
ctma0d0,224-92-3812,8vh6l,1346025600000,24194,,,,,,,,
d17d3uk,225-58-5139,rdib1,1505692800000,53233,,,,,,,,
8ujzy80,228-43-8644,rdib1,1049587200000,46396,,,,,,,,
rzmk6g5,228-73-2645,jctgn,1482710400000,47732,,,,,,,,
yztp228,228-79-9267,box9n,1184371200000,52259,,,,,,,,
ft3ryxo,231-26-3163,6ss5k,934329600000,68104,,,,,,,,
kk69fvg,231-90-4670,i7itf,1225756800000,46839,,,,,,,,
fe4qw2h,233-80-2239,7f02m,1239235200000,29219,,,,,,,,
wjb8ger,233-97-7549,covup,1463356800000,6817,,,,,,,,
p8bcnh1,239-12-0252,wak24,884131200000,43029,,,,,,,,
l2b3yhp,242-22-1022,f7xcb,1313366400000,16430,,,,,,,,
ugzyolm,242-77-5651,box9n,986860800000,11031,,,,,,,,
cilkn8b,243-78-0200,jctgn,1343088000000,59871,,,,,,,,
0nle819,246-89-0488,7f02m,1005523200000,74723,,,,,,,,
ci4nr3h,249-34-1440,k30hz,1306281600000,66876,,,,,,,,
d7odgoj,251-32-1829,mzuus,677894400000,24274,,,,,,,,
dua1owv,251-39-5593,u7gnz,1343433600000,37848,,,,,,,,
q69zr1k,251-62-4861,cwgao,1211846400000,26406,,,,,,,,
0avpc8n,252-14-9117,3h3fg,1541894400000,54994,,,,,,,,
lqrdb1e,253-41-9632,6ss5k,954115200000,22431,,,,,,,,
d9w06tn,258-77-8094,u7gnz,1051574400000,25694,,,,,,,,
aqwtpdt,258-98-2872,covup,1113782400000,26144,,,,,,,,
0oeqekf,259-49-7575,kcvto,1489104000000,71646,,,,,,,,
c3mbtke,259-86-1764,box9n,1419379200000,14472,,,,,,,,
zm2lvvq,260-40-3969,7f02m,927849600000,17240,,,,,,,,
mwoni79,263-85-4815,v4wxq,1061683200000,43094,,,,,,,,
6w9wxba,266-74-7865,rdib1,1475798400000,49322,,,,,,,,
n6vsgqr,266-82-4218,f7xcb,1222128000000,30483,,,,,,,,
fkgyxbm,268-41-5086,wak24,37238400000,21089,,,,,,,,
xhyv5ir,268-75-4556,f7xcb,881107200000,9736,,,,,,,,
0j8yyiv,268-95-6068,mzuus,1350950400000,10221,,,,,,,,
0pk7h8x,269-95-3191,rdib1,1132358400000,7805,,,,,,,,
ghcirhu,274-52-2026,wak24,822441600000,48475,,,,,,,,
lpvtjsa,274-92-1288,kcvto,1048291200000,43291,,,,,,,,
owlfaqj,275-20-7248,v4wxq,1055894400000,19140,,,,,,,,
6gedjzw,277-07-3154,rdib1,1503619200000,42340,,,,,,,,
pj08elk,278-67-7613,v4wxq,1369526400000,53979,,,,,,,,
a41ard3,281-39-4432,ndf6l,821318400000,11056,,,,,,,,
jjkawsv,287-51-8424,ndf6l,1467849600000,27348,,,,,,,,
e6y56o8,288-30-3586,wak24,848880000000,87294,,,,,,,,
9j8nvrf,292-33-4949,6ss5k,1427500800000,34203,,,,,,,,
co1g30m,297-42-1298,rdib1,1003622400000,56243,,,,,,,,
lsed35r,300-86-1489,crcg6,1373068800000,40217,,,,,,,,
j2jbeju,301-19-4308,3h3fg,840844800000,67988,,,,,,,,
k9j66jw,301-92-3987,crcg6,475718400000,21878,,,,,,,,
carnraz,302-95-7380,ndf6l,853113600000,41463,,,,,,,,
7to35r7,305-45-7445,ndf6l,986515200000,6349,,,,,,,,
5q8knrx,307-36-6298,kcvto,1137974400000,9411,,,,,,,,
7qcsagb,307-51-2070,v4wxq,1187308800000,28580,,,,,,,,
j27mk4w,308-88-8566,jctgn,1556928000000,6042,,,,,,,,
qsrd6xt,310-49-4827,u7gnz,1350777600000,60601,,,,,,,,
jpiih0u,310-70-2131,7f02m,1338595200000,36318,,,,,,,,
qwdmoyi,312-75-6953,box9n,1442448000000,31427,,,,,,,,
gsnvilh,313-51-0228,k30hz,1205971200000,15677,,,,,,,,
47d1myu,318-24-3695,6ss5k,1471478400000,64302,,,,,,,,
0x0n9ni,319-56-5968,cwgao,1598572800000,55351,,,,,,,,
x8b67mr,319-81-0526,8vh6l,1132790400000,66286,,,,,,,,
4dl9bx0,319-89-3182,jctgn,1351382400000,38826,,,,,,,,
ljtpnn3,320-71-0068,i7itf,1216944000000,39528,,,,,,,,
b8of8p2,321-35-6055,jctgn,800928000000,78419,,,,,,,,
fr37f8p,321-54-5168,crcg6,945907200000,26431,,,,,,,,
x1rlwqh,322-64-0091,ndf6l,968976000000,83212,,,,,,,,
1hfwx33,324-47-5399,6ss5k,1092009600000,43290,,,,,,,,
ho87l9w,324-68-8840,wak24,822873600000,58563,,,,,,,,
3kuoh1y,326-86-1748,wak24,1331424000000,61614,,,,,,,,
uhp79a8,327-78-9103,crcg6,1311897600000,86832,,,,,,,,
jtr6jol,332-75-7595,7f02m,1192579200000,61054,,,,,,,,
03rg3z8,333-54-8992,lz8eo,1015113600000,86648,,,,,,,,
lyjs9ma,333-97-4421,8vh6l,1189296000000,31613,,,,,,,,
aezaci5,334-91-5071,k30hz,1042588800000,51849,,,,,,,,
8kojpq9,335-74-9217,cwgao,1204416000000,49156,,,,,,,,
b80t7pr,337-06-6524,rdib1,1046217600000,30790,,,,,,,,
i5ktl43,337-27-1744,u7gnz,1104278400000,61585,,,,,,,,
rspb5zr,340-76-7720,f7xcb,1420848000000,16202,,,,,,,,
mpdqtm9,343-94-2113,8vh6l,1435363200000,84842,,,,,,,,
pu74fup,345-79-5504,box9n,1246233600000,60722,,,,,,,,
0pwracy,346-13-4942,crcg6,1000684800000,28974,,,,,,,,
lnngyxn,349-54-2635,i7itf,969494400000,9933,,,,,,,,
o4mcp4v,351-24-7436,7f02m,1084492800000,96950,,,,,,,,
4nuer6w,351-45-9030,wak24,1428364800000,22614,,,,,,,,
pct1jr3,351-66-5475,6ss5k,1432857600000,17434,,,,,,,,
kwhft25,354-33-3240,v4wxq,1105056000000,78948,,,,,,,,
knl7goj,354-49-8443,6ss5k,1471564800000,30809,,,,,,,,
w9s9ilz,355-61-0502,covup,1063584000000,34796,,,,,,,,
54nwtj3,357-28-7927,f7xcb,994723200000,26393,,,,,,,,
k4121bb,360-56-2694,v4wxq,1097107200000,19318,,,,,,,,
zjay3h1,364-16-4902,kcvto,1123200000000,17330,,,,,,,,
srk24nf,367-03-3308,ndf6l,1003449600000,60638,,,,,,,,
dnc0iwn,367-41-8423,7f02m,1130284800000,42698,,,,,,,,
8veltsv,368-16-7143,k30hz,995673600000,26238,,,,,,,,
69fbhan,368-24-7668,rdib1,1099612800000,37740,,,,,,,,
t4dt2bi,369-56-2763,kcvto,698889600000,22832,,,,,,,,
dt0747g,370-57-2932,covup,1411171200000,27599,,,,,,,,
6i55kd3,370-68-0411,u7gnz,1005436800000,63944,,,,,,,,
qofwvva,373-19-3856,lz8eo,882316800000,44147,,,,,,,,
s87l5hw,373-62-8738,6ss5k,773193600000,98820,,,,,,,,
rl1kxiz,375-75-1142,lz8eo,1187308800000,34975,,,,,,,,
43glyoj,379-30-7696,cwgao,1154476800000,70009,,,,,,,,
u7mzrbn,379-48-1680,3h3fg,1229558400000,67838,,,,,,,,
2s556ue,381-44-1410,3h3fg,1181347200000,17894,,,,,,,,
cttjwr9,384-91-5583,mzuus,1213488000000,54143,,,,,,,,
wvsw78s,386-13-4843,mzuus,1465603200000,64274,,,,,,,,
ws7tdg7,386-89-1807,mzuus,1161734400000,9424,,,,,,,,
d1h9e9g,387-54-3978,6ss5k,1097798400000,58935,,,,,,,,
qphqype,390-74-1397,rdib1,1186272000000,28055,,,,,,,,
cqbywox,391-44-8727,rdib1,1027036800000,49553,,,,,,,,
1x12eci,392-39-1218,u7gnz,1326672000000,42340,,,,,,,,
7teccva,393-06-9621,mzuus,1418169600000,7971,,,,,,,,
lxr3j1e,393-57-2322,6ss5k,857001600000,59582,,,,,,,,
4tr2jm1,396-20-7763,rdib1,679795200000,10565,,,,,,,,
8ixkwoh,397-73-3832,crcg6,1230336000000,59751,,,,,,,,
t8j9kdr,397-75-3505,jctgn,858729600000,7950,,,,,,,,
s68y05h,398-95-9881,7f02m,1431302400000,14619,,,,,,,,
kpn2ptt,400-44-0162,covup,1003968000000,69562,,,,,,,,
hikppvh,403-75-4700,7f02m,1053561600000,26780,,,,,,,,
slgkr2x,405-22-7125,box9n,1335916800000,47425,,,,,,,,
noioste,405-86-0080,ndf6l,1043625600000,58774,,,,,,,,
bfq6n18,406-00-1975,f7xcb,1383004800000,22853,,,,,,,,
hcvj1mu,407-61-4305,rdib1,1597190400000,19847,,,,,,,,
klijqel,408-11-0492,jctgn,509760000000,70134,,,,,,,,
rf6sgme,408-24-3398,wak24,1018310400000,72558,,,,,,,,
ovqgkod,410-05-5200,ndf6l,1308528000000,35592,,,,,,,,
ck993hl,410-87-2692,i7itf,777168000000,39163,,,,,,,,
y4jbyf7,411-34-4670,3h3fg,765331200000,55379,,,,,,,,
lu0novz,412-45-5207,u7gnz,321753600000,6466,,,,,,,,
fgc7rch,413-94-3772,7f02m,1450915200000,11298,,,,,,,,
3phen3z,415-10-4457,k30hz,1397433600000,74932,,,,,,,,
b3semsr,418-15-4165,lz8eo,1318204800000,54161,,,,,,,,
ao55b2e,419-58-5808,v4wxq,1211760000000,17836,,,,,,,,
uinagah,420-21-3665,3h3fg,1228608000000,39967,,,,,,,,
sovib1b,421-63-9692,wak24,1576454400000,41844,,,,,,,,
iydqf50,422-93-2541,crcg6,1408060800000,9370,,,,,,,,
exytbgl,427-88-9426,u7gnz,1385510400000,62001,,,,,,,,
276thxa,429-28-3808,f7xcb,1440547200000,40880,,,,,,,,
34z1rsc,430-51-6008,rdib1,925689600000,52475,,,,,,,,
vk6ckas,436-61-2686,rdib1,1129248000000,62688,,,,,,,,
m0dcy3l,437-83-6063,wak24,1200787200000,52470,,,,,,,,
9s2yjer,441-17-8530,rdib1,885686400000,96572,,,,,,,,
d3niw7m,442-23-8816,ndf6l,1325980800000,56864,,,,,,,,
du94vu5,446-02-9671,7f02m,899942400000,42523,,,,,,,,
6heuc06,458-35-9023,ndf6l,1262908800000,40128,,,,,,,,
i30l2ud,458-96-6201,covup,648172800000,52889,,,,,,,,
m47k1ln,459-40-4921,rdib1,1509840000000,56429,,,,,,,,
b5kqa0p,459-78-2257,u7gnz,1428364800000,42404,,,,,,,,
rqmb34j,460-18-0002,k30hz,910742400000,21613,,,,,,,,
bz9fohf,460-29-0569,jctgn,847670400000,26299,,,,,,,,
n7fntk1,460-40-4617,cwgao,1046563200000,47062,,,,,,,,
hqmkkgk,462-22-2149,k30hz,1032134400000,75776,,,,,,,,
2a6588x,468-56-0606,k30hz,714614400000,25619,,,,,,,,
pw9jsly,471-09-2797,i7itf,1671580800000,19236,,,,,,,,
9alqgpm,473-57-2608,8vh6l,1532822400000,15611,,,,,,,,
d8n2o15,473-69-5354,v4wxq,685152000000,9601,,,,,,,,
vq45a7c,475-31-8922,kcvto,1302998400000,47907,,,,,,,,
tku7bw4,476-02-6299,crcg6,1606003200000,63791,,,,,,,,
nnhghgi,477-62-1908,kcvto,1340150400000,57344,,,,,,,,
8zeng7g,479-72-8354,cwgao,1160611200000,23546,,,,,,,,
z5t0kto,481-24-4490,rdib1,1393632000000,50941,,,,,,,,
6goekxg,481-71-6585,covup,1542153600000,20981,,,,,,,,
v1hteqb,482-82-6146,kcvto,512006400000,59350,,,,,,,,
wtg6vmw,483-26-6707,jctgn,839721600000,61124,,,,,,,,
y3atjpn,483-51-2446,ndf6l,649728000000,42453,,,,,,,,
v2n5nxc,483-88-8213,mzuus,748915200000,79772,,,,,,,,
8dotrde,484-36-6531,i7itf,1421798400000,30468,,,,,,,,
pv4cwrz,485-80-7989,f7xcb,945043200000,20377,,,,,,,,
p1ufu5j,487-29-7079,cwgao,1486944000000,31458,,,,,,,,
yzan6zf,490-05-4592,cwgao,1341187200000,38182,,,,,,,,
r3q29a4,491-68-5518,lz8eo,1173139200000,26668,,,,,,,,
q1wuq20,492-26-7428,lz8eo,1140825600000,11375,,,,,,,,
91a3scz,492-41-7882,f7xcb,1149465600000,18168,,,,,,,,
187r8uz,494-34-4894,kcvto,841708800000,67766,,,,,,,,
