0cuwees,i7itf,76stkaah,1469750400000,17473
acpioze,mzuus,0sakdlyr,1201392000000,27383
uba888d,7f02m,e5btpjux,215740800000,19337
gnouw82,8vh6l,dflx2om4,1468627200000,15017
4unjyv4,f7xcb,z2s49upu,1181001600000,27910
z0pre7k,v4wxq,n2a7aqzn,1120435200000,40258
wp6t98k,8vh6l,u55vsfvh,829353600000,11971
dxfmtq3,mzuus,0sakdlyr,978393600000,38385
06gyva3,i7itf,76stkaah,1386288000000,22468
aaonm6p,3h3fg,rgob61a9,1230940800000,48387
dtsokfj,8vh6l,nnge21ng,928108800000,13977
3vcs8fn,covup,dflx2om4,1434758400000,38007
53p0oed,jctgn,t3j7i7ti,1157932800000,19291
ifsbo0p,covup,z2s49upu,1015891200000,26824
aqhk3ue,6ss5k,u55vsfvh,847929600000,40983
8uonmxk,cwgao,0sakdlyr,1433894400000,48497
r71uifq,v4wxq,2kpunuee,1127692800000,28033
fl00vff,f7xcb,l4mnpee8,1003017600000,42225
2xehm0v,covup,z2s49upu,1289952000000,15236
iclnw4h,mzuus,bmhqiwid,1187654400000,31735
jp65ypv,rdib1,l4mnpee8,1099699200000,26268
oe7okjm,ndf6l,dflx2om4,1131840000000,46629
zdqu5rb,box9n,n00j94n2,973209600000,18334
j3t48u1,u7gnz,76stkaah,1056585600000,5663
lwacxmn,u7gnz,0lynxear,1198368000000,12413
1mzrcfg,jctgn,76stkaah,1430784000000,9139
6na7ote,kcvto,n2a7aqzn,1235865600000,31433
hine9p5,3h3fg,t3j7i7ti,937958400000,11387
0iubpmu,lz8eo,dflx2om4,1409270400000,49437
wbaqq55,6ss5k,bywxxxh2,864000000000,39922
47yci3a,lz8eo,e5btpjux,1426636800000,15468
isralh4,8vh6l,bmhqiwid,795225600000,10538
6h5io4s,lz8eo,0904hxp2,1169424000000,19451
irb6w4y,ndf6l,v8fvlwpz,1194652800000,40661
3ypzsrw,8vh6l,nnge21ng,607478400000,42169
6jnxwz0,mzuus,nnge21ng,944006400000,32814
xqndrw2,f7xcb,t3j7i7ti,500083200000,23181
q3xcnjk,k30hz,nnge21ng,1444089600000,21838
rfdhws5,rdib1,t3j7i7ti,1144108800000,34636
bdhi9wm,6ss5k,dflx2om4,1367020800000,41609
y5iibli,v4wxq,e5btpjux,1014076800000,16500
39dwc6a,kcvto,bywxxxh2,1510444800000,16217
feze9iq,wak24,dflx2om4,1058054400000,15372
dzl040m,i7itf,nnge21ng,1252108800000,12403
r5zbg21,i7itf,dflx2om4,1118016000000,44957
ejg5gi9,6ss5k,4f8hpj83,1032134400000,29877
9tan8gw,i7itf,t3j7i7ti,1167609600000,21720
7dbc75l,k30hz,n2a7aqzn,736473600000,44242
sra7bib,box9n,n00j94n2,1298160000000,6274
qc5tsmd,k30hz,0lynxear,1126828800000,30703
pvt1qbb,k30hz,rgob61a9,1117843200000,25356
z06nazc,7f02m,e5btpjux,1497398400000,18175
6v9dyrb,u7gnz,4f8hpj83,1311811200000,14997
j8j0aqi,3h3fg,v8fvlwpz,1393459200000,16195
6h9j1z4,mzuus,dflx2om4,1106006400000,42038
wqqbgig,covup,dflx2om4,671846400000,32616
v75yrrg,7f02m,4f8hpj83,1149638400000,31181
p3a6vd2,6ss5k,l4mnpee8,1224720000000,12766
f703zfv,box9n,bywxxxh2,1213920000000,29376
pffird1,jctgn,76stkaah,1501027200000,9757
ofmj2yi,crcg6,76stkaah,1333238400000,8939
oa4emzi,u7gnz,n00j94n2,1465603200000,49194
pt8slxh,ndf6l,bywxxxh2,1253664000000,12330
rhqlgrw,rdib1,e5btpjux,1510704000000,47270
0w6b3xn,k30hz,e5btpjux,905817600000,5394
i8qerzr,mzuus,rgob61a9,1450915200000,15690
f5ffe52,jctgn,t3j7i7ti,1366761600000,32068
847xq3m,v4wxq,n2a7aqzn,1494720000000,9961
qjexbbu,k30hz,v8fvlwpz,852854400000,42079
g7qkv2h,crcg6,rgob61a9,1367280000000,24147
p3mxe6b,3h3fg,4f8hpj83,1501200000000,36063
dhlym8j,f7xcb,n00j94n2,1425254400000,28104
wshbdbq,lz8eo,dflx2om4,1588032000000,32604
5re49wy,covup,rgob61a9,-131414400000,24996
7ipteze,v4wxq,76stkaah,1417651200000,25301
avpkwtp,kcvto,n00j94n2,671760000000,9881
geg0nwk,u7gnz,bmhqiwid,1314230400000,26042
l34eujk,cwgao,4f8hpj83,1200096000000,20203
j5lb087,u7gnz,bmhqiwid,735004800000,23338
lru6ips,i7itf,rgob61a9,1165190400000,44607
dt2zhl7,8vh6l,bmhqiwid,1341187200000,13825
01utrhp,rdib1,76stkaah,1502928000000,48394
e8734xm,rdib1,0904hxp2,1048464000000,37117
qcc0mxt,jctgn,z2s49upu,1476576000000,31821
v7lg7cd,box9n,l4mnpee8,1180915200000,34839
y5e177u,6ss5k,z2s49upu,927504000000,34052
cibw794,i7itf,nnge21ng,1217376000000,26765
9eeo9q8,7f02m,bmhqiwid,1231545600000,19479
au3xmoe,covup,v8fvlwpz,1461974400000,6197
6soj3tz,wak24,bywxxxh2,876873600000,24588
sejcfpq,f7xcb,0904hxp2,1313107200000,13144
444xhf5,box9n,z2s49upu,984009600000,8825
0t3l4sm,jctgn,rgob61a9,1335484800000,34212
m83ez0u,7f02m,u55vsfvh,1005004800000,42699
h3c3v9d,k30hz,t3j7i7ti,1297900800000,44584
7czu43l,mzuus,0904hxp2,675907200000,22067
nm581og,u7gnz,2kpunuee,1341187200000,18924
yuds1pw,cwgao,bmhqiwid,1204675200000,17604
xbvta15,3h3fg,nnge21ng,1535155200000,27497
xoms2hj,6ss5k,0lynxear,948412800000,17945
io2voxi,u7gnz,nnge21ng,1047427200000,14682
djggjmv,covup,e5btpjux,1108512000000,23767
2qxggfq,kcvto,n00j94n2,1480550400000,47764
jj6etm7,box9n,u55vsfvh,1414195200000,9648
u5qphkl,7f02m,rgob61a9,919987200000,15673
rkpo3s5,v4wxq,n2a7aqzn,1053043200000,34475
b3o4znj,rdib1,0sakdlyr,1470441600000,44838
434bviy,f7xcb,0904hxp2,1214697600000,20322
nwjmine,wak24,bmhqiwid,33523200000,16871
9noc14s,f7xcb,n00j94n2,879292800000,7789
zuoa6dj,mzuus,n00j94n2,1343347200000,9292
dosrran,rdib1,n00j94n2,1126051200000,7095
lt12isu,wak24,rgob61a9,814233600000,27700
ku9qs2r,kcvto,bywxxxh2,1044144000000,39355
z2c6szy,v4wxq,t3j7i7ti,1047600000000,9570
zijw44o,rdib1,2kpunuee,1500076800000,38491
ha7wx0e,v4wxq,2kpunuee,1364688000000,49072
xdsyz9s,ndf6l,l4mnpee8,815356800000,8845
mn0qc2y,ndf6l,n2a7aqzn,1466294400000,13674
djnsic2,wak24,dflx2om4,847065600000,43647
j7vv915,6ss5k,e5btpjux,1421884800000,27362
jnch6c4,rdib1,z2s49upu,996019200000,44994
ilv9pof,crcg6,u55vsfvh,1365984000000,22981
25k6cdb,3h3fg,76stkaah,837993600000,45325
l3yngcq,crcg6,n2a7aqzn,468633600000,19889
e2md8bi,ndf6l,nnge21ng,847756800000,23693
de06vc8,ndf6l,v8fvlwpz,985132800000,5772
pwf1a6e,kcvto,dflx2om4,1134432000000,6274
28qjztg,v4wxq,z2s49upu,1180396800000,19053
cfyn30k,jctgn,u55vsfvh,1554854400000,5493
uztu8zm,u7gnz,z2s49upu,1343692800000,48481
prj3xwa,7f02m,z2s49upu,1333324800000,24212
f5f0psu,box9n,v8fvlwpz,1439337600000,20951
1xy5t2r,k30hz,n2a7aqzn,1202342400000,10451
14vnwlr,6ss5k,4f8hpj83,1469059200000,42868
s245gub,cwgao,t3j7i7ti,1597795200000,44281
qju54gq,8vh6l,0904hxp2,1125532800000,33143
c0zh961,jctgn,0904hxp2,1347408000000,25884
37h2yq6,i7itf,v8fvlwpz,1215993600000,26352
avcss9o,jctgn,z2s49upu,800755200000,44811
r3jcblj,crcg6,n00j94n2,939427200000,24028
r6s8jay,ndf6l,n2a7aqzn,960422400000,41606
f9qnl63,6ss5k,z2s49upu,1088985600000,34632
kxd26ql,wak24,bmhqiwid,819072000000,46850
92lz69r,wak24,t3j7i7ti,1327536000000,35208
pecg0uv,crcg6,0lynxear,1311120000000,43416
xqe34fy,7f02m,4f8hpj83,1189382400000,34888
c76resh,lz8eo,l4mnpee8,1013385600000,43324
yw1fk9f,8vh6l,n2a7aqzn,1185667200000,25290
epv1ifl,k30hz,rgob61a9,1036713600000,29628
qneug44,cwgao,z2s49upu,1199145600000,28089
bu2ni55,rdib1,bmhqiwid,1039564800000,17594
ypmeqx0,u7gnz,e5btpjux,1102723200000,49268
8tst4ig,f7xcb,v8fvlwpz,1420761600000,14729
xb33det,8vh6l,t3j7i7ti,1430870400000,42421
o91li5k,box9n,u55vsfvh,1246060800000,40481
su7mg11,crcg6,u55vsfvh,997315200000,14487
harsutx,i7itf,n2a7aqzn,969321600000,6622
jndhtpo,7f02m,bywxxxh2,1083888000000,48475
q2cuvh6,wak24,e5btpjux,1427068800000,20558
m8h9iq8,6ss5k,u55vsfvh,1424995200000,9962
ospqw2i,v4wxq,n00j94n2,1101081600000,45113
8o78yn6,6ss5k,0lynxear,1465257600000,17605
86p7bld,covup,e5btpjux,1060992000000,23197
ycvl0fy,f7xcb,e5btpjux,990921600000,21114
vd3q47k,v4wxq,4f8hpj83,1096934400000,15454
adjqloi,kcvto,0lynxear,1123027200000,11553
gem3xo3,ndf6l,0lynxear,998956800000,30319
i15j2xq,7f02m,0sakdlyr,1123372800000,24399
45he2l3,k30hz,u55vsfvh,988329600000,23853
rwzweg1,rdib1,n2a7aqzn,1093305600000,30192
f90k1aa,kcvto,n00j94n2,694137600000,15221
6fvui3w,covup,bywxxxh2,1410480000000,18399
kxk7qyh,u7gnz,bywxxxh2,1000339200000,42629
l1uiq3q,lz8eo,2kpunuee,880243200000,40134
34znfwr,6ss5k,2kpunuee,764899200000,49410
lzcj9ck,lz8eo,nnge21ng,1180051200000,31795
ypp71th,cwgao,l4mnpee8,1149206400000,40005
v5zol00,3h3fg,0lynxear,1226448000000,45225
qizm8kv,3h3fg,0lynxear,1180137600000,10225
76nrhii,mzuus,0sakdlyr,1206489600000,36095
3oahm6t,mzuus,0904hxp2,1462147200000,36728
ovslr7s,mzuus,n2a7aqzn,1159920000000,8567
hy6xif8,6ss5k,2kpunuee,1093651200000,47148
kfoorcu,rdib1,76stkaah,1185494400000,18703
wevvqi7,rdib1,t3j7i7ti,1026000000000,45048
e1wo7do,u7gnz,t3j7i7ti,1320019200000,24194
lke7vo6,mzuus,v8fvlwpz,1417651200000,7246
irv7bb6,6ss5k,l4mnpee8,848620800000,39721
zckajd4,rdib1,0904hxp2,673833600000,8452
g02dd0m,crcg6,n00j94n2,1222732800000,39834
jxwoyyy,jctgn,2kpunuee,854323200000,5300
pn7615r,7f02m,t3j7i7ti,1423958400000,13290
vd95xj2,covup,0sakdlyr,996710400000,34781
ukv55nn,7f02m,2kpunuee,1050192000000,17853
6iavcny,box9n,0lynxear,1330992000000,37940
y9nqsk5,ndf6l,2kpunuee,1035504000000,47019
74vj1sd,f7xcb,rgob61a9,1379376000000,20775
0nnljr6,rdib1,u55vsfvh,1593820800000,18043
eu7b58i,jctgn,e5btpjux,506131200000,46756
4ry56n0,wak24,dflx2om4,1015027200000,36279
vfnglie,ndf6l,l4mnpee8,1302739200000,20338
ms8s8b4,i7itf,0lynxear,774316800000,35603
b0bjp39,3h3fg,0lynxear,764467200000,31645
r2d53aj,u7gnz,0sakdlyr,319507200000,5878
ihfzb8e,7f02m,rgob61a9,1446940800000,5649
irldrd7,k30hz,76stkaah,1395360000000,37466
4xikfrv,lz8eo,0lynxear,1316822400000,43329
8tdpcqm,v4wxq,n2a7aqzn,1204329600000,8918
xz5sj11,3h3fg,l4mnpee8,1227657600000,22838
lupzvg8,wak24,rgob61a9,1573862400000,23911
g3lu4tt,crcg6,n00j94n2,1402531200000,7496
m1ch0wc,u7gnz,v8fvlwpz,1377993600000,35429
kyrol66,f7xcb,e5btpjux,1436832000000,27253
uc4ona0,rdib1,n2a7aqzn,917654400000,41980
2klw7dr,rdib1,0sakdlyr,1121644800000,41792
sucd23t,wak24,bmhqiwid,1193529600000,29983
lcdjb9o,rdib1,v8fvlwpz,884217600000,48286
i349woh,ndf6l,dflx2om4,1322438400000,28432
65xevtd,7f02m,rgob61a9,892771200000,24299
fzq8bv7,ndf6l,4f8hpj83,1255478400000,26752
g3i8xz6,covup,z2s49upu,641174400000,42311
49acsbr,rdib1,nnge21ng,1509753600000,45143
bq6u55w,u7gnz,0lynxear,1425513600000,21202
xceqhak,k30hz,0904hxp2,909705600000,19648
ydlgse1,jctgn,rgob61a9,839635200000,23908
t9a6oud,cwgao,l4mnpee8,1040688000000,42784
q4woory,k30hz,0lynxear,1027123200000,37888
acxhx7l,k30hz,e5btpjux,708220800000,17079
9740avs,i7itf,dflx2om4,1669680000000,9618
17dgv68,8vh6l,bmhqiwid,1531440000000,10407
n087cgq,v4wxq,l4mnpee8,684288000000,8728
h5hnan4,kcvto,v8fvlwpz,1300838400000,31938
oplobxb,crcg6,t3j7i7ti,1597881600000,42527
80bc19i,kcvto,z2s49upu,1333324800000,32768
pfozk4h,cwgao,0sakdlyr,1159315200000,18837
v605gin,rdib1,0904hxp2,1393113600000,29109
1vagx4c,covup,nnge21ng,1541894400000,19074
hp98bh6,kcvto,u55vsfvh,504144000000,47480
x1txp1l,jctgn,l4mnpee8,835833600000,40749
4su9dop,ndf6l,t3j7i7ti,644716800000,33962
x69niue,mzuus,dflx2om4,742867200000,45584
fbukkn3,i7itf,0sakdlyr,1415664000000,27698
4pspwrc,f7xcb,l4mnpee8,944784000000,11644
5mhn9og,cwgao,nnge21ng,1480032000000,28598
68easqc,cwgao,0lynxear,1337904000000,34711
a6tjvuh,lz8eo,0lynxear,1169251200000,24244
gcil5ps,lz8eo,rgob61a9,1137542400000,6500
ankuc02,f7xcb,n2a7aqzn,1146096000000,14534
dokitpe,kcvto,nnge21ng,836697600000,45177
52mznt5,crcg6,n2a7aqzn,1148601600000,43324
lz2245h,8vh6l,dflx2om4,1221868800000,18669
0wx18dn,v4wxq,u55vsfvh,922924800000,43125
mqvzghp,cwgao,0sakdlyr,1123286400000,45962
dtk28ks,cwgao,rgob61a9,1305417600000,31597
eiuxx2u,u7gnz,t3j7i7ti,976579200000,44628
gavi1p3,f7xcb,v8fvlwpz,993600000000,15707
7d15jqt,8vh6l,n00j94n2,816998400000,31707
hogyo4d,6ss5k,0lynxear,1286496000000,30204
ebq4lmo,jctgn,2kpunuee,1013126400000,20620
1uyss30,ndf6l,0sakdlyr,746928000000,43168
z3pv3q6,wak24,rgob61a9,1067212800000,28848
0lwjw24,rdib1,e5btpjux,695001600000,8412
uufqv6u,lz8eo,n2a7aqzn,1194912000000,35531
k0jdhj0,covup,dflx2om4,1335312000000,17881
umnp80f,rdib1,0lynxear,797126400000,13203
p03xdk9,crcg6,bywxxxh2,771552000000,42648
syhwax0,v4wxq,0lynxear,496022400000,39786
df38w39,3h3fg,76stkaah,468979200000,17424
4h7qzel,mzuus,t3j7i7ti,698198400000,42657
5xqmst0,3h3fg,dflx2om4,578016000000,17972
ecoik27,kcvto,bmhqiwid,830736000000,44138
qai7f7w,u7gnz,0lynxear,755568000000,43363
ms6yvmm,mzuus,z2s49upu,839980800000,44513
nsork0k,8vh6l,e5btpjux,1077840000000,5101
ews0n0k,jctgn,bywxxxh2,1269561600000,10026
kcekurr,u7gnz,t3j7i7ti,1341446400000,20123
talos38,8vh6l,n2a7aqzn,747273600000,34714
7qet5l8,crcg6,z2s49upu,1359936000000,33436
b2hvqmm,f7xcb,rgob61a9,1319068800000,16631
s5wehw5,cwgao,n2a7aqzn,1077148800000,42372
emfk0xe,6ss5k,2kpunuee,798163200000,31133
qn4kj0d,i7itf,n2a7aqzn,458265600000,42410
j0i64w0,jctgn,76stkaah,1321401600000,25351
dp2tuu4,box9n,0904hxp2,1292716800000,48958
nqg7prm,8vh6l,0lynxear,1154736000000,41567
5s448ux,u7gnz,76stkaah,1172793600000,34363
84ab5e8,7f02m,bywxxxh2,1330214400000,22304
jfyaa04,lz8eo,t3j7i7ti,701740800000,33906
e7g8lln,i7itf,n00j94n2,1329264000000,41629
i28385h,3h3fg,bywxxxh2,905990400000,37035
k9rygtv,k30hz,v8fvlwpz,1072483200000,14867
kdg8kjc,mzuus,0904hxp2,854150400000,7019
yqlczis,kcvto,n00j94n2,1276300800000,23823
s9irmuf,covup,e5btpjux,800496000000,37980
rvy5f55,7f02m,dflx2om4,964051200000,44925
367rgrc,covup,bywxxxh2,1053648000000,17703
ii4lg36,u7gnz,4f8hpj83,1331596800000,43665
exbg9t9,jctgn,0lynxear,915580800000,39674
qrt41lt,u7gnz,nnge21ng,1022457600000,17564
di0jv6o,6ss5k,0sakdlyr,552614400000,5263
1abrh21,crcg6,0lynxear,1141689600000,34743
1hhqqwg,lz8eo,e5btpjux,1023408000000,28399
1k7xcwl,rdib1,2kpunuee,892080000000,16596
7tq0dzx,7f02m,t3j7i7ti,766022400000,31981
cii6vi8,box9n,v8fvlwpz,1235088000000,39754
pr6odh0,k30hz,v8fvlwpz,1201737600000,46799
46851wc,v4wxq,2kpunuee,1108425600000,40509
ja8njpp,8vh6l,l4mnpee8,979171200000,35589
gfi1rcs,k30hz,rgob61a9,1208390400000,6768
crfprxo,7f02m,u55vsfvh,830649600000,46888
xy9qq4z,k30hz,2kpunuee,703641600000,20367
2euuwi7,7f02m,t3j7i7ti,926467200000,36067
n52xmex,mzuus,2kpunuee,310262400000,39653
os4ogfm,8vh6l,0sakdlyr,1101772800000,23104
vnjb6vf,i7itf,l4mnpee8,827625600000,29362
1efqxja,box9n,e5btpjux,735264000000,30032
13lf7wg,mzuus,bywxxxh2,1254268800000,49769
6dmfnsb,6ss5k,4f8hpj83,876614400000,27628
5gymcgr,ndf6l,rgob61a9,820800000000,44235
77ajocn,7f02m,n2a7aqzn,681696000000,16471
5f5fvur,mzuus,v8fvlwpz,1111104000000,11955
69xq0w8,f7xcb,0904hxp2,1084406400000,21240
0i09by6,8vh6l,z2s49upu,1169078400000,36608
vcuhxv3,wak24,n00j94n2,1259539200000,46524
w5rl8ol,3h3fg,t3j7i7ti,676598400000,47287
yxgvib8,mzuus,76stkaah,783907200000,37807
0y6db55,kcvto,v8fvlwpz,1328918400000,6434
r4k7no1,rdib1,bywxxxh2,776995200000,43190
122d621,3h3fg,v8fvlwpz,1228780800000,6664
2yr21ra,f7xcb,dflx2om4,710985600000,39140
5ipnuer,wak24,dflx2om4,845078400000,46152
0bk8q31,covup,e5btpjux,1203465600000,34565
3b9j94f,3h3fg,u55vsfvh,1069286400000,45525
wlw6sta,8vh6l,bywxxxh2,1166572800000,29826
78yzoa0,3h3fg,4f8hpj83,927504000000,24500
3cgvi0t,k30hz,2kpunuee,1165104000000,24842
9sc0nn4,u7gnz,bmhqiwid,1351900800000,47665
asbejfc,v4wxq,rgob61a9,1117238400000,16330
ey5uaic,v4wxq,v8fvlwpz,697507200000,12916
rkqm1jl,8vh6l,n2a7aqzn,1332288000000,40383
extjf21,3h3fg,2kpunuee,445910400000,25928
oj7fjr2,covup,e5btpjux,1077926400000,24355
k3egiw7,k30hz,bywxxxh2,1185148800000,35452
xtxtv1n,rdib1,z2s49upu,790128000000,15311
wz9id97,rdib1,v8fvlwpz,1369267200000,19275
p37jecx,8vh6l,nnge21ng,1298419200000,34120
gsocdj7,k30hz,0sakdlyr,1245369600000,15040
qqz2cpn,kcvto,n2a7aqzn,1210723200000,46912
ii6cuwr,f7xcb,2kpunuee,938044800000,24768
hl32dfl,v4wxq,76stkaah,1126310400000,35912
6yqv90z,u7gnz,2kpunuee,1171929600000,5090
xxcs91o,8vh6l,bmhqiwid,1132012800000,25067
zusp4q2,rdib1,0lynxear,1033603200000,12537
s1q4tpm,8vh6l,rgob61a9,1132272000000,43814
qyksp5i,8vh6l,z2s49upu,983836800000,6630
bdxyvbr,mzuus,nnge21ng,722304000000,29989
v2vngi8,u7gnz,rgob61a9,1144540800000,35252
e5ejejd,wak24,bywxxxh2,1186531200000,45514
2ff5cd9,covup,nnge21ng,801273600000,17349
pwhzbw2,crcg6,e5btpjux,612662400000,20633
oafxd9b,u7gnz,t3j7i7ti,1167091200000,18264
qbz4w45,u7gnz,rgob61a9,1140566400000,40073
bo5obuo,mzuus,l4mnpee8,972345600000,35611
rylstul,kcvto,0lynxear,1323734400000,9820
2hbi25a,k30hz,rgob61a9,1190160000000,38624
pjr9kc4,u7gnz,t3j7i7ti,731462400000,49551
iesb6i1,kcvto,n00j94n2,728179200000,20053
8ls9sxx,lz8eo,n00j94n2,714614400000,9361
51ahvmn,cwgao,u55vsfvh,642038400000,47239
hgb30mt,rdib1,e5btpjux,721440000000,32366
qzjx4zv,f7xcb,rgob61a9,639273600000,16326
kxrnmky,rdib1,rgob61a9,192499200000,45360
ceics30,jctgn,l4mnpee8,1272067200000,34299
hwznzky,cwgao,bmhqiwid,747100800000,18014
3c5jekv,8vh6l,n00j94n2,1141084800000,10417
pihctbd,7f02m,0lynxear,756691200000,7799
th1kgd7,k30hz,e5btpjux,1075161600000,33487
ydrnn00,jctgn,4f8hpj83,627004800000,25124
jfuivss,6ss5k,u55vsfvh,1078012800000,21215
lll28ww,rdib1,4f8hpj83,1102982400000,25282
q4q263s,k30hz,n2a7aqzn,952128000000,12789
g23za2u,7f02m,n2a7aqzn,1266969600000,21326
jddaa60,f7xcb,n00j94n2,638064000000,5082
7cnt62d,box9n,dflx2om4,468720000000,44446
2600tj7,rdib1,76stkaah,506649600000,29439
1yywne1,f7xcb,nnge21ng,1318723200000,31782
4jkc18m,6ss5k,0lynxear,1115164800000,20771
qv6y4gq,i7itf,n2a7aqzn,813715200000,19308
y9w545q,crcg6,u55vsfvh,514598400000,26888
vi7h8ph,jctgn,dflx2om4,1278460800000,29192
zybo4a0,6ss5k,0lynxear,731721600000,47628
401fcjb,k30hz,dflx2om4,1278028800000,10565
s8xvld0,k30hz,l4mnpee8,1319241600000,29406
cwd7rlq,rdib1,0sakdlyr,836524800000,22848
3p90b5g,ndf6l,dflx2om4,1314403200000,44612
8hbfg1p,3h3fg,0sakdlyr,701481600000,12403
ljz9ev2,kcvto,v8fvlwpz,1264809600000,13314
p5orfvb,v4wxq,e5btpjux,1223856000000,19050
o1uoktu,wak24,nnge21ng,551577600000,17398
l2vmcdv,u7gnz,bywxxxh2,1212796800000,31489
8vyp9fe,6ss5k,n00j94n2,1311379200000,31539
qde2pys,7f02m,bmhqiwid,727401600000,21864
1x5an7r,3h3fg,e5btpjux,912384000000,23236
62c4msr,wak24,e5btpjux,662428800000,20853
m6pw2vg,7f02m,0lynxear,897782400000,11215
xdtaiqu,7f02m,0sakdlyr,1110758400000,21105
ucc2ft2,covup,e5btpjux,980726400000,16998
hamsslh,3h3fg,2kpunuee,669859200000,43251
vm95t6x,mzuus,nnge21ng,1284422400000,48991
i4i5e7y,lz8eo,n00j94n2,621043200000,39049
lgfnh8d,k30hz,rgob61a9,1029283200000,30361
kozkvl3,6ss5k,n00j94n2,1182297600000,17189
6il1y7w,7f02m,2kpunuee,1005004800000,26584
pywlez3,wak24,t3j7i7ti,492220800000,5758
rh0vsf4,ndf6l,l4mnpee8,1183766400000,9246
t0lmz99,lz8eo,dflx2om4,967334400000,20270
jjtexfl,crcg6,n2a7aqzn,1111708800000,49429
lzpwjbx,u7gnz,dflx2om4,1173225600000,21636
42t5oez,7f02m,z2s49upu,720748800000,10127
2wp3kms,k30hz,76stkaah,963014400000,42596
g5gkk7k,mzuus,bmhqiwid,1234224000000,47308
s91rmwm,6ss5k,0904hxp2,966988800000,24198
7jrm7jv,box9n,t3j7i7ti,1300665600000,49715
15ayvp1,wak24,2kpunuee,1126915200000,35773
10ubj5z,6ss5k,rgob61a9,1156032000000,24939
jzapjys,ndf6l,2kpunuee,795139200000,30732
05aq8f3,wak24,z2s49upu,1081555200000,20751
p8zvexj,jctgn,n00j94n2,933379200000,12778
0u8owxm,covup,0904hxp2,814665600000,21122
0s3qy5o,ndf6l,0904hxp2,918777600000,34456
j36rhkx,mzuus,n00j94n2,1176163200000,6115
4chthsf,f7xcb,nnge21ng,1358899200000,31347
u3j0imc,7f02m,e5btpjux,1108598400000,14536
rshoipb,jctgn,0lynxear,643420800000,5091
mekc3lj,3h3fg,bmhqiwid,1214870400000,44089
1sk4hla,kcvto,2kpunuee,757900800000,25393
jx7d33x,3h3fg,76stkaah,338688000000,32455
jby3vb1,crcg6,bmhqiwid,1154476800000,19591
w2l9nuz,crcg6,rgob61a9,1028419200000,17249
dt8gzt0,k30hz,0lynxear,1277251200000,13081
tvatsdh,cwgao,rgob61a9,836784000000,28473
ourn7j8,cwgao,2kpunuee,911088000000,38435
7svqtip,u7gnz,rgob61a9,1067126400000,17478
mnataq9,box9n,0904hxp2,880848000000,40968
fytxsf1,cwgao,bmhqiwid,667008000000,34326
6gbhmti,ndf6l,t3j7i7ti,729734400000,31438
i47w3la,wak24,0sakdlyr,1034553600000,26742
s5qoxb3,6ss5k,e5btpjux,949363200000,9421
fvyur2c,box9n,rgob61a9,1075593600000,35948
f4kw0tq,crcg6,z2s49upu,1114128000000,43689
m9mih4r,covup,bywxxxh2,1214352000000,15552
x3sn7p1,i7itf,76stkaah,1258070400000,7830
wqzyoiu,3h3fg,0sakdlyr,918864000000,32929
bymaq50,6ss5k,rgob61a9,1005955200000,29261
q2fq0r7,cwgao,v8fvlwpz,1050969600000,13933
epo9ur4,v4wxq,rgob61a9,483321600000,18509
930dy6s,crcg6,l4mnpee8,1240358400000,24814
rc7vqdc,rdib1,v8fvlwpz,802656000000,49396
1y90xsq,mzuus,dflx2om4,743472000000,41696
bjc1q9q,6ss5k,t3j7i7ti,1005868800000,7351
a6pbtiw,ndf6l,e5btpjux,1054252800000,35478
ffl7gma,covup,l4mnpee8,996278400000,24085
dhu67fe,kcvto,l4mnpee8,690595200000,19228
v9uojyb,jctgn,bmhqiwid,863740800000,12719
muecu8f,6ss5k,t3j7i7ti,889315200000,40158
qlpqbra,kcvto,2kpunuee,824256000000,36191
qdz4fd2,crcg6,0lynxear,996883200000,39564
df0wo4j,crcg6,0lynxear,1061164800000,28249
q0sl9l9,kcvto,0lynxear,823132800000,12115
13c8maw,jctgn,u55vsfvh,668563200000,18818
4k0c3z0,rdib1,0904hxp2,1311724800000,46844
70ipnzt,k30hz,2kpunuee,1128124800000,30819
j7g81vf,3h3fg,v8fvlwpz,1236729600000,16334
0e2sze5,i7itf,e5btpjux,797385600000,38545
q5c2kij,3h3fg,z2s49upu,833587200000,30109
thr8xj2,7f02m,0lynxear,872553600000,39453
xktmw7a,7f02m,nnge21ng,767232000000,9484
85ona3o,8vh6l,z2s49upu,1346889600000,39433
e0rarh5,u7gnz,bywxxxh2,822873600000,25194
c8xhsnb,7f02m,dflx2om4,746668800000,15233
o5epzkx,k30hz,nnge21ng,991440000000,38695
qbi8q0x,covup,0904hxp2,1352505600000,13044
i8ypmhg,7f02m,e5btpjux,1305158400000,29463
40xz6ir,box9n,4f8hpj83,1229558400000,38936
kig5pdh,lz8eo,v8fvlwpz,1254960000000,42736
chsgvo0,v4wxq,bywxxxh2,1243468800000,38325
w0gne7j,i7itf,e5btpjux,538444800000,44296
z5b9853,8vh6l,e5btpjux,1283904000000,38967
l8j1b4y,cwgao,n2a7aqzn,475372800000,28663
bkneju0,3h3fg,bywxxxh2,1087689600000,24103
8cej64b,f7xcb,e5btpjux,1192752000000,12248
jggq0zr,f7xcb,l4mnpee8,542937600000,12468
xhii69r,covup,rgob61a9,869961600000,47197
j2a7ov2,v4wxq,dflx2om4,692496000000,33472
e7nb477,8vh6l,e5btpjux,899078400000,39101
2hh3oh1,3h3fg,nnge21ng,1062892800000,19630
f4t500b,f7xcb,t3j7i7ti,560908800000,48555
u01tlyc,lz8eo,z2s49upu,646617600000,30315
781re1s,kcvto,n2a7aqzn,1005696000000,18473
dukz4ng,jctgn,0lynxear,1106870400000,24858
88201v9,v4wxq,0lynxear,1166659200000,46736
b7ppc6g,u7gnz,2kpunuee,816566400000,38653
0a6txct,8vh6l,e5btpjux,1346284800000,35573
j9v4m0r,lz8eo,n2a7aqzn,1119052800000,8528
pmtai64,6ss5k,2kpunuee,1118361600000,49034
nkwpgml,7f02m,rgob61a9,1229644800000,39596
qh6ue91,k30hz,rgob61a9,1171670400000,27247
f75nz3c,v4wxq,4f8hpj83,1145404800000,43451
a7iakta,wak24,u55vsfvh,1274227200000,34554
qkk15y0,k30hz,2kpunuee,1248134400000,13087
545e643,cwgao,0sakdlyr,1077580800000,27480
wumh0xh,lz8eo,e5btpjux,1062547200000,45394
jdsctwk,jctgn,nnge21ng,635731200000,43818
c09oanq,8vh6l,n2a7aqzn,810691200000,28962
4g7rjwl,mzuus,76stkaah,785548800000,30314
0xlhsgt,lz8eo,n00j94n2,1060905600000,42206
sj7y8dq,ndf6l,t3j7i7ti,1185408000000,42766
8wp7qx9,box9n,0904hxp2,1307318400000,11703
5bowh5s,covup,4f8hpj83,1257033600000,38807
kcvitkd,f7xcb,nnge21ng,905904000000,29640
i085wm7,box9n,dflx2om4,963014400000,32124
638zx3d,lz8eo,rgob61a9,804729600000,44329
zhyqtdj,kcvto,z2s49upu,973555200000,28954
aio9k64,v4wxq,t3j7i7ti,1000425600000,24469
3ahgpbm,cwgao,0sakdlyr,987206400000,27642
cs8l5ra,jctgn,dflx2om4,1332806400000,39579
sjypfwv,lz8eo,0904hxp2,1148428800000,42829
j2uz9hy,rdib1,l4mnpee8,1137456000000,16118
4t5zeh6,6ss5k,n00j94n2,918777600000,11864
zl599mr,3h3fg,dflx2om4,965779200000,21283
yeqtum1,f7xcb,2kpunuee,693014400000,34551
rt8uxvp,covup,v8fvlwpz,1219017600000,8435
pv6t983,k30hz,t3j7i7ti,1092787200000,16878
gwgh1p3,7f02m,76stkaah,587520000000,20067
5e62u7h,6ss5k,rgob61a9,1180742400000,29209
rel8dzl,crcg6,n00j94n2,750643200000,13058
40tv8fd,8vh6l,nnge21ng,1000080000000,35833
j9muu3x,3h3fg,2kpunuee,753753600000,5853
715t1m3,i7itf,t3j7i7ti,952300800000,27564
f9jy6ev,u7gnz,0lynxear,1089504000000,42056
tnshahk,v4wxq,4f8hpj83,965779200000,10907
jitkoeq,wak24,nnge21ng,1208390400000,12628
kynuhwi,f7xcb,z2s49upu,924825600000,21685
72r1l1l,8vh6l,n2a7aqzn,1370304000000,34486
zsqbbvg,crcg6,4f8hpj83,1353283200000,16948
dmsxdu9,wak24,0lynxear,1062201600000,5194
0lwvky7,crcg6,2kpunuee,1101945600000,43046
15xga7l,crcg6,n2a7aqzn,1073606400000,20207
bow3806,f7xcb,z2s49upu,1314144000000,35815
gaf05cm,crcg6,u55vsfvh,1157500800000,20499
tknkctt,rdib1,0904hxp2,1331424000000,19049
9zfy8ce,v4wxq,t3j7i7ti,913420800000,37791
9zpnpg0,kcvto,rgob61a9,743472000000,39209
krctk9m,covup,76stkaah,747014400000,45069
4zftsfh,u7gnz,n00j94n2,1220745600000,43578
gmh7eoi,8vh6l,2kpunuee,702086400000,44228
c4aptpv,7f02m,bmhqiwid,712800000000,30314
4cqyjev,u7gnz,2kpunuee,1178236800000,43219
tuwtas4,i7itf,bmhqiwid,1169424000000,46901
0b3yd1y,3h3fg,0lynxear,1145059200000,17087
sfad7ua,v4wxq,e5btpjux,804902400000,35038
1vqbg00,u7gnz,0sakdlyr,751939200000,44656
v2jbmn9,k30hz,2kpunuee,868060800000,6065
bglqwcp,wak24,t3j7i7ti,1027296000000,5985
gv7qrtk,wak24,u55vsfvh,659145600000,48337
qmgk23e,lz8eo,bywxxxh2,656121600000,6042
lzyci36,rdib1,n2a7aqzn,467683200000,36535
5yqu72q,f7xcb,v8fvlwpz,1306713600000,47419
wsrqhvu,3h3fg,n2a7aqzn,908409600000,19212
m97fdox,jctgn,v8fvlwpz,1031875200000,21999
x577b50,ndf6l,u55vsfvh,802915200000,43951
zo1pxj0,i7itf,e5btpjux,1103328000000,18033
oifmqu1,7f02m,n00j94n2,1245974400000,48316
d6j2jq9,cwgao,bywxxxh2,1285977600000,44777
3e84y8a,k30hz,u55vsfvh,1001462400000,7921
8zwn5yj,covup,0904hxp2,1104105600000,26906
kli19fk,box9n,n2a7aqzn,1057881600000,14853
rmi2db3,u7gnz,0sakdlyr,918691200000,5769
sovcm4q,cwgao,t3j7i7ti,783648000000,11774
au6cp0x,k30hz,v8fvlwpz,1251504000000,31093
v3n8u0r,kcvto,z2s49upu,1081123200000,5826
4g19p1n,mzuus,z2s49upu,717292800000,37384
s4b8yg0,covup,v8fvlwpz,1018915200000,37367
subz8du,ndf6l,t3j7i7ti,1034726400000,16430
z1sti12,wak24,bmhqiwid,718848000000,32910
b9k2xq3,mzuus,rgob61a9,1319068800000,32479
lasgh7f,crcg6,bywxxxh2,1117843200000,20608
206gx4v,crcg6,76stkaah,1244505600000,28635
59fmf8v,v4wxq,0sakdlyr,1355529600000,12459
wtrz4x3,f7xcb,0lynxear,773280000000,24809
s5q76jn,ndf6l,n00j94n2,864259200000,36725
9aukyft,v4wxq,2kpunuee,-148435200000,39669
dtjttml,wak24,l4mnpee8,1105228800000,5223
bp5fn2m,cwgao,n2a7aqzn,1352764800000,24153
hqaerm8,jctgn,rgob61a9,1293926400000,48266
g21in6p,ndf6l,0lynxear,1226361600000,39949
co9kpdz,3h3fg,n00j94n2,1103587200000,32802
l265mi6,3h3fg,l4mnpee8,1197676800000,11470
3mp7pee,rdib1,rgob61a9,746928000000,11052
s0qn3mb,7f02m,bywxxxh2,1213747200000,29262
rk4gre6,covup,rgob61a9,911779200000,31997
0b06nva,i7itf,u55vsfvh,722304000000,47777
n24zdlb,k30hz,u55vsfvh,816912000000,5826
z1cpy5t,6ss5k,n2a7aqzn,587779200000,35254
ouu7jv5,7f02m,n2a7aqzn,743385600000,38347
f4snczb,u7gnz,bmhqiwid,1074297600000,9558
wbb4nae,i7itf,l4mnpee8,1029715200000,13512
nxsfu97,rdib1,t3j7i7ti,1321920000000,36417
8qw4r1z,f7xcb,0sakdlyr,775180800000,27480
5tl67zs,lz8eo,rgob61a9,1117756800000,15738
esmp9bv,7f02m,t3j7i7ti,1046304000000,30098
rigbzwk,8vh6l,rgob61a9,1332374400000,43999
72mg597,cwgao,n00j94n2,1305763200000,32961
7zu4xd4,mzuus,z2s49upu,1214352000000,28135
5g80pie,rdib1,0lynxear,1230940800000,20253
499nvwf,kcvto,0sakdlyr,1356912000000,19661
c7dr8ma,v4wxq,n2a7aqzn,706233600000,48672
89z0xhy,jctgn,0lynxear,-381715200000,14494
8d5l2x1,f7xcb,l4mnpee8,1010275200000,8355
uxmdh31,crcg6,rgob61a9,988156800000,10470
er6fq3u,wak24,n2a7aqzn,1321574400000,24326
bipnek8,box9n,z2s49upu,1108252800000,21010
zewzghk,7f02m,n2a7aqzn,992736000000,9552
w9z986z,ndf6l,e5btpjux,930787200000,35311
04k063e,box9n,nnge21ng,790905600000,27914
wbgsl2e,rdib1,2kpunuee,1060819200000,42552
6yl4wkt,k30hz,u55vsfvh,1306022400000,24257
52l1dq3,covup,u55vsfvh,1072828800000,36427
28xmemb,wak24,z2s49upu,819331200000,13594
oxbwuwl,mzuus,0lynxear,771465600000,22446
alhmxkn,kcvto,0lynxear,-143164800000,9009
0qen5ig,crcg6,2kpunuee,1299888000000,30663
wqodmvk,covup,nnge21ng,855100800000,36937
vulbiyl,crcg6,0904hxp2,1166227200000,32607
ye948dc,f7xcb,u55vsfvh,857433600000,13925
t117epn,jctgn,z2s49upu,1147392000000,25019
u32sfr4,box9n,l4mnpee8,1226275200000,10693
vifmz75,cwgao,l4mnpee8,793756800000,43415
g02zfzi,ndf6l,e5btpjux,1187049600000,22062
rab694t,covup,t3j7i7ti,1021766400000,9493
62c59o4,covup,e5btpjux,904608000000,23102
rhiy4a2,6ss5k,e5btpjux,1301356800000,16290
9e67bre,6ss5k,v8fvlwpz,853545600000,15900
8yj3rr9,i7itf,n2a7aqzn,1179792000000,6039
v1m0w3s,f7xcb,t3j7i7ti,703641600000,44947
4pwc3kf,crcg6,nnge21ng,1337472000000,38208
75yinu4,8vh6l,rgob61a9,754876800000,24913
4fjbeyj,mzuus,n00j94n2,1053734400000,45293
akwf4m2,cwgao,dflx2om4,1198108800000,9464
kk0l6p4,crcg6,4f8hpj83,-102643200000,5600
fvir1l9,kcvto,n2a7aqzn,887673600000,26676
zsy8olg,kcvto,e5btpjux,976060800000,38447
bv6pa0f,crcg6,nnge21ng,1045526400000,35396
hv7klh0,covup,e5btpjux,1079827200000,5515
avpn3p3,v4wxq,e5btpjux,988070400000,13073
xlgofo2,mzuus,u55vsfvh,784857600000,20109
0y4qaqs,u7gnz,n2a7aqzn,806198400000,38618
1mefbnv,jctgn,4f8hpj83,1040256000000,48059
pdpujmi,crcg6,n00j94n2,1049587200000,40195
gaho19c,8vh6l,dflx2om4,1192060800000,36163
su2gvjd,mzuus,0904hxp2,1245542400000,20885
k2k6kyz,box9n,e5btpjux,-20822400000,8866
4tsv8nj,lz8eo,2kpunuee,886118400000,19275
8fzqzcb,f7xcb,t3j7i7ti,938131200000,17802
50q8ijt,covup,t3j7i7ti,-361411200000,46993
fsop7hb,kcvto,l4mnpee8,1154563200000,11089
c5w47k2,covup,0sakdlyr,1098921600000,6380
x3glcd4,mzuus,n00j94n2,1156291200000,20113
1x72e0p,jctgn,nnge21ng,1133308800000,19134
bgdfssr,mzuus,0lynxear,1084492800000,48368
mem7pky,kcvto,e5btpjux,1189468800000,22422
g27nb66,rdib1,v8fvlwpz,823132800000,42278
373qnxd,k30hz,nnge21ng,399945600000,34653
3c4rmf6,rdib1,nnge21ng,613785600000,10099
3mlxkis,lz8eo,n2a7aqzn,557280000000,14489
4gr5965,cwgao,n2a7aqzn,511056000000,32199
tpktpd9,box9n,n00j94n2,1335744000000,5263
o9p9rpg,covup,4f8hpj83,474422400000,9597
k7vwso2,v4wxq,l4mnpee8,1250467200000,5737
saio7s2,box9n,nnge21ng,837820800000,39596
2ythp30,6ss5k,l4mnpee8,552268800000,24070
ni1nbsz,box9n,dflx2om4,749779200000,18037
p4qs1w1,rdib1,rgob61a9,1172707200000,18103
h2cle92,cwgao,0904hxp2,447811200000,41231
9anvly7,7f02m,t3j7i7ti,665539200000,42889
8f3eatf,box9n,nnge21ng,577929600000,15714
9t5utsf,i7itf,0sakdlyr,997747200000,14147
uxwzdu2,box9n,76stkaah,534988800000,44535
qid52dh,k30hz,rgob61a9,939600000000,17665
s3c2f2o,lz8eo,l4mnpee8,1257033600000,11999
jeoggpi,3h3fg,2kpunuee,793238400000,12815
79g5qhb,cwgao,v8fvlwpz,1253491200000,43730
yiymlgv,k30hz,rgob61a9,955238400000,8739
n2aabl0,7f02m,v8fvlwpz,1268438400000,11326
dr6ag9b,v4wxq,bywxxxh2,790819200000,15438
snogqzd,i7itf,bywxxxh2,1218931200000,5016
sgxjiut,wak24,u55vsfvh,987033600000,30674
qk1dzyb,rdib1,n2a7aqzn,671760000000,42234
m81tptr,k30hz,t3j7i7ti,720144000000,41186
poznix8,cwgao,4f8hpj83,1386288000000,22653
msrhda0,rdib1,bywxxxh2,1342051200000,14467
6ufmkl1,ndf6l,z2s49upu,1299196800000,14335
hv8u9im,f7xcb,v8fvlwpz,1115683200000,46945
hudqmk0,6ss5k,n00j94n2,481507200000,5572
ufaj8rt,lz8eo,dflx2om4,747446400000,33952
kv6nct5,cwgao,n2a7aqzn,712713600000,47872
4w5cqta,lz8eo,rgob61a9,1150675200000,26542
siv3qvx,jctgn,76stkaah,42249600000,17780
ijoa6s9,6ss5k,76stkaah,1096502400000,9851
8ti9fb1,u7gnz,0904hxp2,1110153600000,15023
91p1t43,3h3fg,bmhqiwid,108691200000,41009
grew0x3,kcvto,e5btpjux,757728000000,17142
ghqtfq0,f7xcb,n00j94n2,1144454400000,47228
gmebao1,box9n,nnge21ng,792633600000,15963
hk61qji,wak24,z2s49upu,584928000000,28153
belsflg,lz8eo,n2a7aqzn,1126483200000,28588
pz4039w,k30hz,n2a7aqzn,1340841600000,5404
qkjqe2q,u7gnz,0sakdlyr,523929600000,25840
lt1vgof,ndf6l,2kpunuee,858124800000,7439
xp2bjp8,wak24,0904hxp2,742953600000,29197
1t6yqwc,i7itf,2kpunuee,1052352000000,28904
fpd21fc,wak24,l4mnpee8,634867200000,29085
sfabw1y,3h3fg,z2s49upu,1031961600000,29452
58fulvp,kcvto,l4mnpee8,1186012800000,43843
5c8683b,covup,u55vsfvh,1139875200000,27557
a6apx9b,covup,u55vsfvh,836438400000,37121
m5m59bq,8vh6l,u55vsfvh,905299200000,22385
nci7jn1,lz8eo,bmhqiwid,916790400000,25186
luz6t7j,cwgao,t3j7i7ti,685152000000,32949
7w6g0t3,rdib1,u55vsfvh,703900800000,16736
o9n49ej,f7xcb,l4mnpee8,802483200000,7749
2efvhl6,covup,u55vsfvh,842918400000,21419
l2yx2ys,mzuus,bmhqiwid,523152000000,6965
w5hxs2o,u7gnz,nnge21ng,934416000000,40726
rdaerbw,8vh6l,z2s49upu,1208563200000,40875
yhvoqoa,wak24,z2s49upu,569030400000,38691
atp884c,covup,76stkaah,1253577600000,36866
i0330p8,lz8eo,n00j94n2,516067200000,7369
7zgibwl,jctgn,n2a7aqzn,742348800000,25007
kujmbj0,6ss5k,t3j7i7ti,972604800000,16125
l0ep71i,rdib1,rgob61a9,1176595200000,26727
gq1cfya,crcg6,nnge21ng,990230400000,49214
h86m2zw,box9n,n2a7aqzn,901411200000,30568
yylsf8q,cwgao,bmhqiwid,957916800000,10609
fxq7xrb,mzuus,bmhqiwid,-179452800000,47041
yg5951a,k30hz,l4mnpee8,1066435200000,11456
rbw17za,f7xcb,dflx2om4,995414400000,5085
8krpww4,crcg6,bywxxxh2,867542400000,7068
lpmp9kl,lz8eo,n2a7aqzn,843696000000,38755
c138goj,lz8eo,0904hxp2,524620800000,44836
